entry,slot,title,author,publisher,year,pages,star,source,rank,isbn,link
leaf,한국 소설,모순,양귀자 저,쓰다,2013,308,9.3,steady,1,9788998441012,https://www.yes24.com/product/goods/8759796
leaf,한국 소설,빵충 사육 준수 사항,김혜영 저,안전가옥,2026,388,8.9,best,3,9791194891178,https://www.yes24.com/product/goods/193459475
leaf,한국 소설,안녕이라 그랬어,김애란 저,문학동네,2025,320,9.2,steady,2,9791141602376,https://www.yes24.com/product/goods/147560984
leaf,한국 소설,수족관,유래혁 저,포스터샵,2023,376,8.3,best,4,9791198547514,https://www.yes24.com/product/goods/124235834
leaf,한국 소설,절창 切創 (화이트 에디션),구병모 저,문학동네,2025,352,8.7,steady,3,9791141602451,https://www.yes24.com/product/goods/153497469
leaf,한국 소설,찌니주의보,정지아 저,창비,2026,232,9.4,best,8,9788936439996,https://www.yes24.com/product/goods/195026262
leaf,한국 소설,혼모노,성해나 저,창비,2025,368,8.8,steady,4,9788936439743,https://www.yes24.com/product/goods/143911524
leaf,한국 소설,녹색 절벽의 신자들,조예은 저,오리지널스,2026,388,7.9,best,9,9791169087520,https://www.yes24.com/product/goods/195804454
leaf,한국 소설,자몽살구클럽,한로로 저,어센틱,2025,199,8.3,steady,5,9791199305304,https://www.yes24.com/product/goods/149385533
leaf,한국 소설,달러구트 꿈 백화점 0,이미예 저,팩토리나인,2026,300,9.2,best,14,9791124575178,https://www.yes24.com/product/goods/192468942
leaf,한국 소설,소년이 온다,한강 저,창비,2014,216,9.5,steady,6,9788936434120,https://www.yes24.com/product/goods/13137546
leaf,한국 소설,무진기행,김승옥 저,민음사,2007,405,8.5,best,18,9788937461491,https://www.yes24.com/product/goods/2661477
leaf,외국 소설,1984,조지 오웰 저/정회성 역,민음사,2003,444,9,steady,1,9788937460777,https://www.yes24.com/product/goods/372300
leaf,외국 소설,테오,앨런 레비 저/노지양 역,오팬하우스,2026,556,9.3,best,1,9791175772892,https://www.yes24.com/product/goods/192469071
leaf,외국 소설,인간 실격,다자이 오사무 저/김춘미 역,민음사,2004,191,8.4,steady,1,9788937461033,https://www.yes24.com/product/goods/1387488
leaf,외국 소설,이방인,알베르 카뮈 저/김화영 역,민음사,2011,270,8.9,best,1,9788937443848,https://www.yes24.com/product/goods/4827613
leaf,외국 소설,브람스를 좋아하세요...,프랑수아즈 사강 저/김남주 역,민음사,2008,160,8.8,steady,1,9788937461798,https://www.yes24.com/product/goods/2950700
leaf,외국 소설,우리는 가장 밝은 밤에 헤어졌다,표도르 도스토옙스키 저/김희숙 저,윌마,2026,268,9.8,best,1,9791199757684,https://www.yes24.com/product/goods/192030311
leaf,외국 소설,체호프 단편선,안톤 체호프 저/박현섭 역,민음사,2002,205,8.9,steady,1,9788937460708,https://www.yes24.com/product/goods/318392
leaf,외국 소설,그리스인 조르바,니코스 카잔차키스 저/이윤기 역,열린책들,2009,483,9.1,best,1,9788932909349,https://www.yes24.com/product/goods/3647046
leaf,외국 소설,아침 그리고 저녁,욘 포세 저/박경희 역,문학동네,2019,152,9,steady,1,9788954657129,https://www.yes24.com/product/goods/77133280
leaf,외국 소설,달콤 쌉싸름한 초콜릿,라우라 에스키벨 저/권미선 역,민음사,2004,272,8.7,best,2,9788937461088,https://www.yes24.com/product/goods/1422121
leaf,외국 소설,사탄탱고 (블랙 에디션),크러스너호르커이 라슬로 저/조원규 역,알마,2018,412,8.5,steady,1,9791159921445,https://www.yes24.com/product/goods/60543924
leaf,외국 소설,존재의 세 가지 거짓말,아고타 크리스토프 저/용경식 역,까치(까치글방),2022,672,8.7,best,2,9788972917793,https://www.yes24.com/product/goods/113450433
leaf,SF·판타지,프로젝트 헤일메리,앤디 위어 저/강동혁 역,알에이치코리아(RHK),2026,692,9.3,best,2,9788925588735,https://www.yes24.com/product/goods/101375755
leaf,SF·판타지,깃털,김혜진 저,허블,2020,140,9.4,search,2,9791190090193,https://www.yes24.com/product/goods/91357912
leaf,SF·판타지,태양 아래 올리브,김초엽 저,자이언트북스,2026,396,9.5,best,14,9791191824582,https://www.yes24.com/product/goods/194315610
leaf,SF·판타지,천 개의 파랑,천선란 저,허블,2020,376,8.9,steady,4,9791190090261,https://www.yes24.com/product/goods/91766653
leaf,SF·판타지,클라라와 태양,가즈오 이시구로 저/홍한별 역,민음사,2021,448,9.3,best,19,9788937417566,https://www.yes24.com/product/goods/98349603
leaf,SF·판타지,우리가 빛의 속도로 갈 수 없다면,김초엽 저,허블,2019,344,9,steady,7,9791190090018,https://www.yes24.com/product/goods/74261416
leaf,SF·판타지,찢어진 종잇조각의 신,듀나 저,단비,2024,304,10,search,14,9791163501190,https://www.yes24.com/product/goods/127048750
leaf,SF·판타지,잼 한 병을 받았습니다,홍락훈 저,에이플랫,2023,421,9.8,search,17,9791189836504,https://www.yes24.com/product/goods/122308226
leaf,SF·판타지,트와이스,미치 앨봄 저/유혜인 역,인플루엔셜,2026,376,9.8,best,92,9791168344198,https://www.yes24.com/product/goods/195475163
leaf,SF·판타지,러브 앤 티스,홍락훈 저,에이플랫,2024,408,9.4,search,19,9791189836542,https://www.yes24.com/product/goods/125544599
leaf,SF·판타지,낙원의 이론 1,정선우 저,파란 (파란미디어),2019,464,9.5,best,113,9788963716664,https://www.yes24.com/product/goods/75186979
leaf,SF·판타지,궤도,서맨사 하비 저/송예슬 역,서해문집,2025,240,8.4,steady,18,9791194413394,https://www.yes24.com/product/goods/147563743
leaf,SF·판타지,초판본 오즈의 마법사,라이먼 프랭크 바움 저/윌리엄 월리스 덴슬로우 그림/손인혜 역,더스토리,2025,244,9.9,best,119,9791175240421,https://www.yes24.com/product/goods/154932308
leaf,SF·판타지,선 끝에,"천선란,임솔아 저",허블,2026,124,8.7,search,41,9791124668016,https://www.yes24.com/product/goods/194172096
leaf,추리·스릴러,에드거 앨런 포 단편선,에드거 앨런 포 저/김석희 역,열린책들,2026,384,10,search,1,9788932925851,https://www.yes24.com/product/goods/195235359
leaf,추리·스릴러,추리소설가의 살인사건,히가시노게이고 저/민경욱 역,소미미디어,2024,296,8.7,search,6,9791138483995,https://www.yes24.com/product/goods/128862632
leaf,추리·스릴러,악의,히가시노 게이고 저/양윤옥 역,현대문학,2019,356,9,best,7,9788972750031,https://www.yes24.com/product/goods/76108857
leaf,추리·스릴러,장미와 나이프,히가시노 게이고 저/김윤경 역,반타,2025,348,8.8,steady,13,9791194930136,https://www.yes24.com/product/goods/147564199
leaf,추리·스릴러,1차원의 삽목,마쓰시타 류노스케 저/마미영 역,반타,2026,420,9.9,best,15,9791175774162,https://www.yes24.com/product/goods/196261487
leaf,추리·스릴러,이상한 집,우케쓰 저/김은모 역,리드비(READbie),2022,248,8.7,best,39,9791197708572,https://www.yes24.com/product/goods/114906622
leaf,추리·스릴러,"칵테일, 러브, 좀비",조예은 저,안전가옥,2020,165,8.5,steady,20,9791190174756,https://www.yes24.com/product/goods/89913383
leaf,추리·스릴러,마피아 찾기,김하림 저,고즈넉이엔티,2024,384,8.8,search,10,9791163165736,https://www.yes24.com/product/goods/130551768
leaf,추리·스릴러,소문,오기와라 히로시 저/권일영 역,모모,2021,528,8.2,steady,29,9791191043419,https://www.yes24.com/product/goods/103861082
leaf,추리·스릴러,내가 죽였다,정해연 저,반타,2026,392,8.5,best,52,9791175773424,https://www.yes24.com/product/goods/192117932
leaf,추리·스릴러,흉담,전건우 저,래빗홀,2026,304,9.1,best,54,9791168343764,https://www.yes24.com/product/goods/187661762
leaf,추리·스릴러,숲의 신,리즈 무어 저/소슬기 역,은행나무,2025,696,9,steady,50,9791167375803,https://www.yes24.com/product/goods/154564516
leaf,추리·스릴러,귀신나방,장용민 저,재담,2026,412,9,best,63,9791127562632,https://www.yes24.com/product/goods/194172792
leaf,추리·스릴러,데들리 러블리,배명은 등저,황금가지,2023,344,9.5,search,16,9791170522454,https://www.yes24.com/product/goods/117293653
leaf,에세이,[예스리커버] 너를 아끼며 살아라 (10만 부 특별 한정판),나태주 저,더블북,2025,272,9.5,steady,1,9791193153710,https://www.yes24.com/product/goods/147276346
leaf,에세이,마음의 어휘력,"조아란,권희,이정윤 저",페이지2북스,2026,240,9.3,best,1,9791169852180,https://www.yes24.com/product/goods/195028168
leaf,에세이,어른의 행복은 조용하다,태수 저,페이지2북스,2024,288,9.2,steady,2,9791169851053,https://www.yes24.com/product/goods/136298166
leaf,에세이,그랬다고 적었다,김애란 저,문학동네,2026,220,9.4,best,2,9791141618575,https://www.yes24.com/product/goods/195042981
leaf,에세이,행복할 거야 이래도 되나 싶을 정도로,일홍 저,부크럼,2024,304,9.2,steady,3,9791162145043,https://www.yes24.com/product/goods/129775130
leaf,에세이,신경 끄기의 기술 (한교동 에디션),마크맨슨 저/한재호 역,갤리온,2026,268,8.3,best,3,9788901299730,https://www.yes24.com/product/goods/195141828
leaf,에세이,달리기를 말할 때 내가 하고 싶은 이야기,무라카미 하루키 저/임홍빈 역,문학사상,2009,280,9,steady,4,9788970128337,https://www.yes24.com/product/goods/3239082
leaf,에세이,기분이 태도가 되지 말자 (30만 부 기념 최신 개정판),김수현 저 ,하이스트,2022,216,8.6,best,6,9791197647666,https://www.yes24.com/product/goods/115633204
leaf,에세이,호의에 대하여,문형배 저,김영사,2025,408,9.2,steady,5,9791173323027,https://www.yes24.com/product/goods/152298374
leaf,에세이,박완서의 낱말들,박완서 저/호원숙 편,웅진지식하우스,2026,264,9.9,best,7,9788901300702,https://www.yes24.com/product/goods/196261854
leaf,에세이,제철 행복,김신지 저,인플루엔셜,2024,336,9.1,steady,7,9791168341890,https://www.yes24.com/product/goods/126120766
leaf,에세이,유선과 랄프,찰리 스미스 저,좋은생각,2026,224,10,best,11,9791193300800,https://www.yes24.com/product/goods/195850050
leaf,에세이,소년과 두더지와 여우와 말,찰리 매커시 저/이진경 역,상상의힘,2020,128,9.2,steady,9,9788997381678,https://www.yes24.com/product/goods/89898969
leaf,에세이,구원에게,정영욱 저,부크럼,2026,304,9.2,best,13,9791162145418,https://www.yes24.com/product/goods/176993217
leaf,에세이,불안,알랭 드 보통 저/정영목 역,은행나무,2011,372,8.7,steady,10,9788956605593,https://www.yes24.com/product/goods/6111280
leaf,에세이,"안녕, 피터팬",전경철 저,이야기장수,2026,456,9.6,best,19,9791194184645,https://www.yes24.com/product/goods/192491734
leaf,에세이,각성,김요한 저,떠오름,2025,224,8.8,steady,14,9791192372754,https://www.yes24.com/product/goods/149869906
leaf,에세이,사랑의 기술,에리히 프롬 저/강주헌 역,문예출판사,2026,240,8.5,best,20,9788931027068,https://www.yes24.com/product/goods/192649322
leaf,시,서랍에 저녁을 넣어 두었다,한강 저,문학과지성사,2013,165,9.1,steady,5,9788932024639,https://www.yes24.com/product/goods/11467936
leaf,시,초판본 하늘과 바람과 별과 시,윤동주 저,더스토리,2024,184,9.3,best,1,9791194280958,https://www.yes24.com/product/goods/140042426
leaf,시,꽃을 보듯 너를 본다,나태주 저,지혜,2015,184,9.1,search,2,9791157280292,https://www.yes24.com/product/goods/24259730
leaf,시,당신의 이름을 지어다가 며칠은 먹었다,박준 저,문학동네,2012,144,9.3,search,11,9788954619578,https://www.yes24.com/product/goods/8150462
leaf,시,토마토 컵라면,차정은 저,BOOKK(부크크),2024,80,8,steady,12,9791141077761,https://www.yes24.com/product/goods/125829847
leaf,인문,위버멘쉬,프리드리히 니체 저/어나니머스 역,떠오름,2025,292,8.9,steady,1,9791192372730,https://www.yes24.com/product/goods/142972546
leaf,인문,"세네카, 오늘을 빼앗기고 있는 당신에게",루키우스 안나이우스 세네카 저/하와이 대저택 편역,논픽션,2026,236,8.1,best,1,9791199489561,https://www.yes24.com/product/goods/192474512
leaf,인문,쇼펜하우어 인생수업 (30만 부 기념 개정증보판),쇼펜하우어 저/김지민 편,하이스트,2024,224,8.6,steady,2,9791193282045,https://www.yes24.com/product/goods/125085536
leaf,인문,내 인생이 왜 당신 마음에 들어야 합니까,김경일 저,퍼스트펭귄,2026,256,9.3,best,1,9791199889378,https://www.yes24.com/product/goods/195899212
leaf,인문,미움받을 용기 (200만 부 기념 스페셜 에디션),"기시미 이치로,고가 후미타케 저/전경아 역/김정운 감수",인플루엔셜,2022,340,9,steady,2,9791168340770,https://www.yes24.com/product/goods/116599423
leaf,인문,인생을 위한 최소한의 생각,"신영준,고영성 저",상상스퀘어,2026,320,8.9,best,2,9791124248171,https://www.yes24.com/product/goods/177044720
leaf,인문,소유냐 존재냐,에리히 프롬 저/차경아 역,까치(까치글방),2020,311,8.6,steady,2,9788972917038,https://www.yes24.com/product/goods/89182437
leaf,인문,빅터 프랭클의 죽음의 수용소에서,빅터 프랭클 저/이시형 역,청아출판사,2026,264,9.3,best,2,9788936812621,https://www.yes24.com/product/goods/170736476
leaf,인문,초역 부처의 말,코이케 류노스케 저/박재현 역,포레스트북스,2024,256,9.4,steady,3,9791193506516,https://www.yes24.com/product/goods/126590468
leaf,인문,문해내공,"신종호,김윤정 저",상상스퀘어,2026,528,8.3,best,4,9791124248515,https://www.yes24.com/product/goods/194182112
leaf,과학 교양,무의식은 어떻게 나를 설계하는가,데이비드 이글먼 저/김승욱 역,알에이치코리아(RHK),2024,344,9,steady,1,9788925574394,https://www.yes24.com/product/goods/138503348
leaf,과학 교양,이기적 유전자 The Selfish Gene : 50주년 기념판,리처드 도킨스 저/이한음 역,을유문화사,2026,632,9.8,best,1,9788932476506,https://www.yes24.com/product/goods/195804435
leaf,과학 교양,코스모스,칼 세이건 저/홍승수 역,사이언스북스,2006,719,9.5,steady,1,9788983711892,https://www.yes24.com/product/goods/2312211
leaf,과학 교양,이토록 인간적인 물리학,팀 폴러트 저/배명자 역,21세기북스,2026,340,10,best,1,9791176611466,https://www.yes24.com/product/goods/195130733
leaf,과학 교양,처음 만나는 양자의 세계,채은미 저,북플레저,2025,272,9.2,steady,1,9791193937990,https://www.yes24.com/product/goods/153908443
leaf,과학 교양,[예스리커버] 뇌는 어떻게 나를 조종하는가,크리스 나이바우어 저/김윤종 역,클랩북스,2026,272,8.8,best,2,9791193941577,https://www.yes24.com/product/goods/171432215
leaf,과학 교양,물고기는 존재하지 않는다,룰루 밀러 저/정지인 역,곰출판,2021,300,8.8,steady,2,9791189327156,https://www.yes24.com/product/goods/105526047
leaf,과학 교양,세상이 그대를 속일지라도,김상욱 저,동아시아,2026,320,9.3,best,3,9788962627145,https://www.yes24.com/product/goods/190424644
leaf,과학 교양,떨림과 울림,김상욱 저,동아시아,2018,272,9,steady,2,9788962622508,https://www.yes24.com/product/goods/66322614
leaf,과학 교양,극한 진화의 세계,이정모 저,다산초당,2026,396,9.9,best,3,9791130682952,https://www.yes24.com/product/goods/195213890
leaf,예술·여행,창조적 행위,릭 루빈 저/정지현 역,코쿤북스,2023,352,8.1,steady,1,9791197831744,https://www.yes24.com/product/goods/119886818
leaf,예술·여행,아름다운 것들은 비밀을 품고 있다,파묘 저,모티브,2026,236,10,best,1,9791176881456,https://www.yes24.com/product/goods/196487518
leaf,예술·여행,[예스리커버] 미술관에 간 할미,할미 저,더퀘스트,2025,280,9.3,steady,1,9791140714575,https://www.yes24.com/product/goods/147275066
leaf,예술·여행,휴대폰과 독화살,장준호 저,시월,2026,336,9.6,best,1,9791191975376,https://www.yes24.com/product/goods/193580746
leaf,예술·여행,여행의 이유,김영하 저,복복서가,2024,260,8.9,steady,1,9791191114591,https://www.yes24.com/product/goods/125905365
target,데이터 분석,모두를 위한 R 데이터 분석 입문,오세종 저,한빛아카데미,2023,584,8.8,search,1,9791156646532,https://www.yes24.com/product/goods/118702056
target,데이터 분석,데이터 시각화와 탐색 with POWER BI 3rd,"마경근,서주란 공저",영진닷컴,2025,628,10,search,1,9788931480634,https://www.yes24.com/product/goods/152443479
target,데이터 분석,AI로 완성하는 데이터 리터러시,김규석 저,한빛아카데미,2026,292,10,search,1,9791173400780,https://www.yes24.com/product/goods/194896433
target,데이터 분석,데이터 분석가가 반드시 알아야 할 모든 것,황세웅 저,위키북스,2024,640,8,search,1,9791158395483,https://www.yes24.com/product/goods/132423891
target,데이터 분석,실무에 바로 쓰는 일잘러의 엑셀 데이터 분석,에이블런 저,제이펍,2022,268,9.2,search,2,9791192469317,https://www.yes24.com/product/goods/115048574
target,데이터 분석,DB 입문자를 위한 데이터베이스 기초와 SQL,오세종 저,생능출판사,2023,556,10,search,2,9791192932170,https://www.yes24.com/product/goods/119615876
target,데이터 분석,최소한의 데이터 리터러시,"송석리,황수빈,이정윤,정유진 공저",길벗,2024,228,9,search,2,9791140708277,https://www.yes24.com/product/goods/125014012
target,데이터 분석,Do it! 쉽게 배우는 파이썬 데이터 분석,김영우 저,이지스퍼블리싱,2022,472,9.3,search,3,9791163033493,https://www.yes24.com/product/goods/108947478
target,데이터 분석,Do it! MySQL로 배우는 SQL 입문,강성욱 저,이지스퍼블리싱,2024,408,9.1,search,3,9791163035725,https://www.yes24.com/product/goods/125708277
target,데이터 분석,대시보드 설계와 데이터 시각화,"스티브 웩슬러,제프리 섀퍼,앤디 코트그리브 공저/최윤석 역",책만,2018,436,9.6,search,3,9791196203757,https://www.yes24.com/product/goods/67452841
target,데이터 분석,이토록 쉬운 엑셀 데이터 분석 with 챗GPT,"임선집,채호창,신경민 공저",루비페이퍼,2024,348,9.8,search,3,9791193083185,https://www.yes24.com/product/goods/128582151
target,데이터 분석,코딩 자율학습 잔재미코딩의 파이썬 데이터 분석 입문,Dave Lee 저,길벗,2025,432,9.6,search,4,9791140712823,https://www.yes24.com/product/goods/143822293
target,데이터 분석,엑셀 데이터 분석 바이블,최준선 저,한빛미디어,2021,712,9.8,search,4,9791162244258,https://www.yes24.com/product/goods/101376464
target,데이터 분석,데이터 분석가의 숫자유감,권정민 글/주형 만화,골든래빗,2021,344,8.9,search,4,9791197149887,https://www.yes24.com/product/goods/102958933
target,데이터 분석,데이터 시각화 교과서,클라우스 윌케 저/권혜정 역/최재원 감수,책만,2020,376,8.3,search,5,9791189909109,https://www.yes24.com/product/goods/87631760
target,데이터 분석,혼자 공부하는 데이터 분석 with 파이썬,박해선 저,한빛미디어,2023,496,9.2,search,6,9791169210287,https://www.yes24.com/product/goods/116253011
target,데이터 분석,실무에서 바로 통하는 데이터 시각화 노하우,전익진 저,디스커버리미디어,2024,240,8,search,6,9791188829439,https://www.yes24.com/product/goods/128869242
target,통계,세상에서 가장 쉬운 통계학 입문,고지마 히로유키 저/박주영 역,지상사,2009,238,8,search,1,9788990994004,https://www.yes24.com/product/goods/3625262
target,통계,숫자 감각의 힘,사이토 고타츠 저/양필성 역 ,클랩북스,2022,240,8.9,search,1,9791197889141,https://www.yes24.com/product/goods/111702985
target,통계,파이썬 데이터 과학 통계 학습,"황보현우,정지현 저",정보문화사,2021,476,9.5,search,1,9788956749075,https://www.yes24.com/product/goods/101891366
target,통계,"빅데이터 시대, 올바른 인사이트를 위한 통계 101×데이터 분석",아베 마사토 저/안동현 역,프리렉,2022,400,9.4,search,3,9788965403388,https://www.yes24.com/product/goods/114874176
target,통계,데이터 과학을 위한 통계,"피터 브루스, 앤드루 브루스, 피터 게데크 저/이준용 역",한빛미디어,2021,380,9.2,search,3,9791162244180,https://www.yes24.com/product/goods/99942893
target,통계,숫자에 약한 사람들을 위한 통계학 수업,"데이비드 스피겔할터 저/권혜승,김영훈 공역",웅진지식하우스,2020,460,9,search,4,9788901244488,https://www.yes24.com/product/goods/91860119
target,통계,벌거벗은 통계학 (리커버 에디션),찰스 윌런 저/김명철 역,책읽는수요일,2013,448,8.5,search,14,9788962605952,https://www.yes24.com/product/goods/11257680
target,통계,Do it! 첫 통계 with 베이즈,사사키 준 저/안동현 역,이지스퍼블리싱,2021,216,8.8,search,14,9791163033073,https://www.yes24.com/product/goods/104668255
target,통계,통계의 함정,앨런 B. 다우니 저/김상현 역,에이콘출판사,2024,328,8,search,30,9791161758343,https://www.yes24.com/product/goods/125992496
target,통계,통계학 超초 입문,다카하시 요이치 저/오시연 역,지상사,2020,184,9.8,search,33,9788965022893,https://www.yes24.com/product/goods/84270766
target,통계,괴짜 통계학,김진호 저,한국경제신문사(한경비피),2008,280,8.5,search,38,9788947526562,https://www.yes24.com/product/goods/2824178
target,통계,통계학으로 배우는 머신러닝 2/e,"트레버 헤이스트,로버트 팁시라니,제롬 프리드먼 공저/이판호 역",에이콘출판사,2020,844,5,search,39,9791161754727,https://www.yes24.com/product/goods/95527453
target,통계,파이썬으로 배우는 통계학 교과서,바바 신야 저/윤웅식 역,한빛미디어,2024,528,9,search,47,9791169213196,https://www.yes24.com/product/goods/139703862
target,통계,"통계학, 빅데이터를 잡다",조재근 저,한국문학사,2017,412,9.7,search,51,9788987527598,https://www.yes24.com/product/goods/42748278
target,통계,만화로 아주 쉽게 배우는 통계학,고지마 히로유키 저/나기사와 나오 그림/오시연 역,지상사,2018,251,9.9,search,73,9788965022817,https://www.yes24.com/product/goods/58047121
target,통계,59가지 통계학 궁금증 완전 정복,황성원 저,길벗,2025,264,8.7,search,75,9791140714568,https://www.yes24.com/product/goods/146344298
target,통계,개념 있는 수학자 : 대수·미적분·확률과 통계 편,이광연 저,어바웃어북,2024,288,9,search,76,9791192229508,https://www.yes24.com/product/goods/140190779
target,AI 활용,뚝딱 바로 써먹는 AI 3대장 챗GPT · 제미나이 · 클로드,코리아교육그룹 저,안경다리BOOKS,2026,312,9.8,search,1,9791189028589,https://www.yes24.com/product/goods/192148896
target,AI 활용,챗GPT · 제미나이 · 클로드까지 모두를 위한 AI,지현이(디지털거북이) 저,시프트,2026,252,9.4,search,1,9791124373071,https://www.yes24.com/product/goods/192877325
target,AI 활용,이게 되네? 제미나이 완전 미친 활용법 81제,오힘찬 저,골든래빗,2026,340,9.6,search,1,9791194383796,https://www.yes24.com/product/goods/176901674
target,AI 활용,"AI 시대의 질문력, 프롬프트 엔지니어링",류한석 저,코리아닷컴(Korea.com),2025,528,9.2,search,1,9791190488617,https://www.yes24.com/product/goods/150566390
target,AI 활용,클로드 코드 제대로 시작하기,"주홍철,황진성 저",길벗,2026,460,9.4,search,1,9791140719914,https://www.yes24.com/product/goods/194483933
target,AI 활용,뚝딱 바로 써먹는 첫 클로드 : 프롬프트 엔지니어링 실전 가이드,심재빈 저,안경다리BOOKS,2026,248,10,search,2,9791189028596,https://www.yes24.com/product/goods/194350050
target,AI 활용,혼자 공부하는 바이브 코딩 with 클로드 코드,조태호 저,한빛미디어,2025,384,9.6,search,2,9791199529847,https://www.yes24.com/product/goods/167573138
target,AI 활용,"바로바로 클로드 with 코워크, 스킬, 클로드 코드, 디자인",차진우 저,골든래빗,2026,372,9.6,search,2,9791124516133,https://www.yes24.com/product/goods/189114943
target,AI 활용,요즘 바이브 코딩 코덱스 완벽 가이드,윤재원(단테) 저,골든래빗,2026,344,9.8,search,3,9791194383772,https://www.yes24.com/product/goods/175110068
target,AI 활용,"5분 컷, 미친 효율 AI 프롬프트",송진주 저,황금부엉이,2026,264,10,search,4,9788960309258,https://www.yes24.com/product/goods/195075207
target,AI 활용,LLM을 위한 프롬프트 엔지니어링,"존 베리먼(John Berryman),앨버트 지글러(Albert Ziegler) 저/김정인 역",제이펍,2026,300,9.7,search,4,9791194587804,https://www.yes24.com/product/goods/170504549
target,AI 활용,누구나 아는 나만 모르는 클로드,이성원(누나IT) 저,한빛미디어,2026,252,9.9,search,4,9791175790896,https://www.yes24.com/product/goods/194599856
target,AI 활용,바로바로 제미나이 X 구글 AI,공냥이 저,골든래빗,2026,376,9,search,5,9791124516157,https://www.yes24.com/product/goods/189114942
target,AI 활용,Do it! LLM을 활용한 AI 에이전트 개발 입문,이성용 저,이지스퍼블리싱,2025,504,8.6,search,5,9791163037057,https://www.yes24.com/product/goods/146036009
target,AI 활용,생성형 AI를 위한 프롬프트 엔지니어링,"제임스 피닉스,마이크 테일러 공저/정의형,정한결 역",한빛미디어,2025,492,8.4,search,7,9791169213998,https://www.yes24.com/product/goods/147735087
target,AI 활용,생성형 AI 활용과 실습,서지영 저,한빛아카데미,2025,376,8.7,search,8,9791173400292,https://www.yes24.com/product/goods/148346480
target,AI 활용,프롬프트 엔지니어링 교과서,서승완 저 ,애드앤미디어,2023,196,8.2,search,9,9791198240828,https://www.yes24.com/product/goods/122318886
target,업무 자동화,파이썬 업무 자동화 일잘러 되기 + 챗GPT,메이허 저,골든래빗,2025,608,8.4,search,1,9791194383130,https://www.yes24.com/product/goods/140256885
target,업무 자동화,뚝딱 바로 써먹는 AI 실무 엑셀 : 챗GPT · 제미나이 · 코파일럿,주보연 저,안경다리BOOKS,2026,372,10,search,1,9791189028619,https://www.yes24.com/product/goods/195265923
target,업무 자동화,진짜 쓰는 실무 엑셀,오빠두(전진권) 저,제이펍,2022,508,9.2,search,1,9791191600704,https://www.yes24.com/product/goods/106711883
target,업무 자동화,AI 대세전환 노션xAI 압도적 업무 생산성,지니언트 저,프리렉,2026,416,10,search,2,9788965404446,https://www.yes24.com/product/goods/193852769
target,업무 자동화,50개의 프로젝트로 완성하는 파이썬 업무 자동화,오토코더 저,위즈앤북,2025,320,9.7,search,2,9791198685353,https://www.yes24.com/product/goods/144043578
target,업무 자동화,챗GPT·퍼플렉시티·클로드·코파일럿·제미나이 다 잘함,이호정 저,리코멘드,2025,488,8.4,search,2,9791194084242,https://www.yes24.com/product/goods/162322988
target,업무 자동화,구글 워크스페이스로 완성하는 AI 업무 자동화 시스템,차지영 저,지식공유,2026,280,9.5,search,3,9791191407310,https://www.yes24.com/product/goods/195027472
target,업무 자동화,IT 비전공자를 위한 파이썬 업무 자동화 (RPA),비현코 저,디지털북스,2023,384,9.8,search,3,9788960884250,https://www.yes24.com/product/goods/118396923
target,업무 자동화,일 잘하는 직장인을 위한 엑셀 자동화 with 파이썬,최은석 저,위키북스,2020,632,10,search,3,9791158392260,https://www.yes24.com/product/goods/94483920
target,업무 자동화,M365 코파일럿 무작정 따라하기,"김시연,서지영 공저",길벗,2025,252,9.6,search,3,9791140713127,https://www.yes24.com/product/goods/145015291
target,업무 자동화,된다! 업무 자동화를 위한 구글 앱스 스크립트,사카이노 타카요시 저/안동현 역,이지스퍼블리싱,2023,352,9.6,search,4,9791163034858,https://www.yes24.com/product/goods/119866818
target,업무 자동화,커리어 스킬업 파이썬 업무 자동화,손원준 저,길벗,2024,492,9.3,search,4,9791140713899,https://www.yes24.com/product/goods/127925147
target,업무 자동화,업무와 일상을 정리하는 새로운 방법 노션,전시진 저,제이펍,2025,448,8.9,search,4,9791194587330,https://www.yes24.com/product/goods/147074475
target,업무 자동화,퇴근이 빨라지는 제미나이 & 노트북LM 업무 자동화 정석 엑셀 X AI,권현욱 저,디지털북스,2026,288,9.6,search,5,9788960885110,https://www.yes24.com/product/goods/187039263
target,업무 자동화,사장님 몰래하는 파이썬 업무 자동화,"정용범,손상우 공저",비제이퍼블릭(BJ퍼블릭),2024,472,8,search,5,9791165922597,https://www.yes24.com/product/goods/124409746
target,업무 자동화,"일잘러의 비밀, 구글 스프레드시트 제대로 파헤치기",강남석 저,한빛미디어,2024,512,9.7,search,5,9791169212304,https://www.yes24.com/product/goods/126643792
target,업무 자동화,직장인을 위한 AI 실무 엑셀,선양미 저,길벗,2025,452,10,search,6,9791140717057,https://www.yes24.com/product/goods/169704757
target,습관·집중,회복탄력성의 뇌과학,"아디티 네루카(Aditi Nerurkar, MD) 저/박미경 역",현대지성,2025,376,8.4,steady,23,9791139723281,https://www.yes24.com/product/goods/146524929
target,습관·집중,더 시스템 THE SYSTEM,스콧 애덤스 저/김인수 역  ,베리북,2024,384,8.2,best,4,9791188102259,https://www.yes24.com/product/goods/124129609
target,습관·집중,아주 작은 습관의 힘 (50만 부 기념 스페셜 에디션),제임스 클리어 저/이한이 역,비즈니스북스,2019,360,9.2,search,1,9791162540640,https://www.yes24.com/product/goods/69655504
target,습관·집중,당신의 뇌는 변화가 필요합니다,가비아 톨리키타 저/이영래 역 ,비즈니스북스,2022,336,9.4,steady,34,9791162543184,https://www.yes24.com/product/goods/116188918
target,습관·집중,모든 하루는 뇌에서 시작된다,벤트 프라이발트 저/곽지원 역,알에이치코리아(RHK),2026,416,9.8,best,11,9788925568379,https://www.yes24.com/product/goods/195253483
target,습관·집중,김민식의 내 몸을 바꾸는 평생 루틴,김민식 저,중앙북스(books),2026,288,9.8,search,2,9788927881612,https://www.yes24.com/product/goods/184402619
target,습관·집중,내 마음을 위한 뇌과학,쿼카쌤 저,노르웨이숲,2025,236,9.3,steady,43,9791193865156,https://www.yes24.com/product/goods/143550097
target,습관·집중,뇌는 왜 나를 딴짓하게 만드는가,젤레나 몬미니 저/박정은 역,21세기북스,2026,428,8,best,69,9791173579974,https://www.yes24.com/product/goods/189404827
target,습관·집중,도둑맞은 집중력,요한 하리 저/김하현 역,어크로스,2024,464,8.6,search,2,9791167740984,https://www.yes24.com/product/goods/118579613
target,습관·집중,집중의 뇌과학,가바사와 시온 저/이은혜 역,현대지성,2025,216,8.8,steady,60,9791139718805,https://www.yes24.com/product/goods/142234822
target,습관·집중,독서 습관 만드는 법,정석헌 저,씽크스마트,2026,220,9,best,73,9788965294931,https://www.yes24.com/product/goods/182199674
target,습관·집중,바쁜 뇌를 회복하라,로미 무슈타크 박사 저/진정성 역,페이지2북스,2025,424,9.9,best,82,9791169851442,https://www.yes24.com/product/goods/149104140
target,습관·집중,당신의 뇌는 최적화를 원한다,가바사와 시온 저/오시연 역,쌤앤파커스,2018,276,8.9,search,3,9788965706342,https://www.yes24.com/product/goods/61155999
target,습관·집중,50부터 뇌가 젊어지는 습관,와다 히데키 저/이현주 역,센시오,2025,226,9.1,steady,73,9791166572012,https://www.yes24.com/product/goods/149190772
target,습관·집중,직장으로 간 뇌과학자,존 메디나 저/김미정 역,프런티어,2024,376,9.5,best,95,9788947549394,https://www.yes24.com/product/goods/124909047
target,습관·집중,도파민네이션,애나 렘키 저/김두완 역,흐름출판,2022,316,8.5,search,3,9788965965046,https://www.yes24.com/product/goods/108389546
target,시간·생산성,나는 4시간만 일한다,"팀 페리스 저/최원형,윤동준 공역",다른상상,2017,368,8.3,steady,9,9791185584454,https://www.yes24.com/product/goods/53214530
target,시간·생산성,시간 지도,모치즈키 도시타카 저/김슬기 역,유노북스,2025,244,9.8,best,109,9791171830909,https://www.yes24.com/product/goods/142968309
target,시간·생산성,세컨드 브레인,티아고 포르테 저/서은경 역 ,쌤앤파커스,2023,352,8.8,search,2,9791165347048,https://www.yes24.com/product/goods/117715543
target,시간·생산성,혼자 있는 시간의 힘,사이토 다카시 저/장은주 역,위즈덤하우스,2025,232,8.5,steady,17,9791171714308,https://www.yes24.com/product/goods/147644109
target,시간·생산성,거인의 시간,어맨사 임버 저/김지아 역,다산북스,2024,464,8.8,best,126,9791130650678,https://www.yes24.com/product/goods/125085322
target,시간·생산성,365 매일쓰는 메모 습관,조병천 저,북허브,2011,179,8,search,3,9788994938011,https://www.yes24.com/product/goods/5163581
target,시간·생산성,시간 해방,댄 마텔 저/박영준 역,흐름출판,2024,376,8.9,steady,26,9788965966500,https://www.yes24.com/product/goods/133283353
target,시간·생산성,"새벽 4시, 꿈이 현실이 되는 시간",박춘성 저,북랩,2019,386,7.8,best,156,9791162998328,https://www.yes24.com/product/goods/78495178
target,시간·생산성,기획자가 일 잘하는 법,Peter 저,와이즈베리,2021,296,9.4,search,3,9791164139934,https://www.yes24.com/product/goods/104999039
target,시간·생산성,계획이 문제였습니다,정지하(룩말) 저,한스미디어,2025,300,9.8,steady,56,9791194777441,https://www.yes24.com/product/goods/151844851
target,시간·생산성,메모의 재발견,사이토 다카시 저/김윤경 역,비즈니스북스,2017,248,9.2,best,163,9791186805848,https://www.yes24.com/product/goods/48551839
target,시간·생산성,기록이라는 세계,리니 저,더퀘스트,2025,240,9,search,4,9791140711970,https://www.yes24.com/product/goods/140536812
target,시간·생산성,업무시간을 반으로 줄이는 챗GPT 글쓰기,정태일 저,천그루숲,2025,268,8.8,steady,62,9791193000717,https://www.yes24.com/product/goods/144081528
target,시간·생산성,성공하는 사람들의 시간관리 습관,"유성은,유미현 저",중앙경제평론사,2024,292,10,search,4,9788960543324,https://www.yes24.com/product/goods/126348976
target,시간·생산성,1만 시간의 재발견,"안데르스 에릭슨,로버트 풀 공저/강혜정 역",비즈니스북스,2016,416,8.9,steady,69,9791186805282,https://www.yes24.com/product/goods/29135134
target,시간·생산성,성공하는 시간관리와 인생관리를 위한 10가지 자연법칙,하이럼 W. 스미스 저/이경재 역,김영사,1998,325,8.6,search,5,9788934903611,https://www.yes24.com/product/goods/172
